{"val_precision":0.894930899143219,"val_loss":0.4723282754421234,"_step":32,"val_accuracy":0.894930899143219,"train_precision":0.8949774503707886,"val_recall":0.894930899143219,"train_loss":0.47429877519607544,"_runtime":160,"_timestamp":1.7600982000353262e+09,"test_accuracy":0.894930899143219,"test_recall":0.894930899143219,"test_f1":0.894930899143219,"train_accuracy":0.8949774503707886,"epoch":32,"train_recall":0.8949774503707886,"_wandb":{"runtime":160},"test_loss":0.47243380546569824,"test_precision":0.894930899143219}